{
  "timestamp": "2026-03-15T13:57:15",
  "axes": {
    "up": {
      "mean_ax": -474.35406698564594,
      "mean_ay": 194.28708133971293,
      "mean_az": 1044.4306220095693,
      "std_ax": 1084.0602478866444,
      "std_ay": 404.7580574224795,
      "std_az": 1806.0387079364286,
      "n": 209
    },
    "down": {
      "mean_ax": 506.1578947368421,
      "mean_ay": 8.222222222222221,
      "mean_az": -692.485380116959,
      "std_ax": 842.9302786123037,
      "std_ay": 499.7356000081739,
      "std_az": 1611.0437187802652,
      "n": 171
    },
    "left": {
      "mean_ax": -2247.926315789474,
      "mean_ay": 417.61052631578946,
      "mean_az": -427.5578947368421,
      "std_ax": 2126.1534293406376,
      "std_ay": 669.1180415841491,
      "std_az": 673.8445661128228,
      "n": 95
    },
    "right": {
      "mean_ax": 2659.863157894737,
      "mean_ay": 405.2315789473684,
      "mean_az": 1026.821052631579,
      "std_ax": 3160.9384136611156,
      "std_ay": 791.4366344636766,
      "std_az": 1331.3500388224638,
      "n": 95
    }
  },
  "vertical_axis": "az",
  "horizontal_axis": "ax"
}